old_url,new_url,post_id,title
/posts/165,/posts/omnistrate-platform-update-september-2025-edition,165,"Omnistrate Platform Update-September 2025 edition"
/posts/164,/posts/why-customers-choose-omnistrate-a-deep-dive-into-the-byoc-landscape,164,"Why Customers Choose Omnistrate: A Deep Dive into the BYOC Landscape"
/posts/163,/posts/deep-dive-into-the-on-prem-distribution-landscape-why-omnistrate-is-the-only-comprehensive-platform,163,"Deep Dive into the On-Prem Distribution Landscape: Why Omnistrate Is the Only Comprehensive Platform"
/posts/160,/posts/omnistrate-platform-update-august-2025-edition,160,"Omnistrate Platform Update - August 2025 edition"
/posts/159,/posts/revolutionize-your-devops-and-sre-with-omnistrate-s-new-mcp-server,159,"Revolutionize Your DevOps and SRE with Omnistrate's new MCP server"
/posts/158,/posts/case-study-how-ferretdb-went-from-opensource-project-to-commercial-dbaas-success-in-weeks-not-years,158,"Case Study: How FerretDB went from OpenSource Project to Commercial DBaaS success in weeks, not years"
/posts/157,/posts/omnistrate-platform-update-july-2025-edition,157,"Omnistrate Platform Update - July 2025 edition"
/posts/156,/posts/omnistrate-brownstone-modernize-your-software-offering-with-built-in-compliance-and-cloud-automation,156,"Omnistrate + Brownstone: Modernize Your Software Offering with Built-In Compliance and Cloud Automation"
/posts/155,/posts/maximizing-ai-infrastructure-value-through-smart-resource-sharing,155,"Maximizing AI Infrastructure Value Through Smart Resource Sharing"
/posts/154,/posts/moving-to-cell-based-architecture-lessons-from-neon,154,"Moving to Cell-Based Architecture: Lessons from Neon"
/posts/153,/posts/omnistrate-platform-update-jun-2025,153,"Omnistrate Platform Update (Jun 2025)"
/posts/152,/posts/build-your-own-software-platform-in-days,152,"Build your own Software Platform in days"
/posts/151,/posts/enter-omnistrate-developer-platform-to-build-your-software-distribution-part-3-of-3,151,"Enter Omnistrate: Developer platform to build your Software Distribution (Part 3 of 3)"
/posts/150,/posts/real-world-example-the-lifecycle-headache-part-2-of-3,150,"Real-World Example: The Lifecycle Headache (Part 2 of 3)"
/posts/149,/posts/building-diy-control-planes-with-kubernetes-argocd-terraform-part-1-of-3,149,"Building DIY Control Planes with Kubernetes, ArgoCD & Terraform (Part 1 of 3)"
/posts/147,/posts/omnistrate-platform-update-may-2025,147,"Omnistrate Platform Update (May 2025)"
/posts/146,/posts/omnistrate-platform-update-april-2025,146,"Omnistrate Platform Update (April 2025)"
/posts/145,/posts/integrating-serverless-framework-with-omnistrate-a-developer-s-journey,145,"Integrating Serverless Framework with Omnistrate: A Developer's Journey"
/posts/144,/posts/beyond-ecs-or-cloud-run-terraform-building-scalable-saas-infrastructure,144,"Beyond ECS or Cloud Run + Terraform: Building Scalable SaaS Infrastructure"
/posts/143,/posts/omnistrate-platform-update-march-2025,143,"Omnistrate Platform Update (March 2025)"
/posts/142,/posts/ai-series-powering-high-performance-ai-workloads-gpu-soci-mig-and-keda,142,"[AI Series] Powering High-Performance AI Workloads: GPU, SOCI, MIG, and KEDA"
/posts/141,/posts/ai-series-cost-controls-insights,141,"[AI Series] Cost Controls & Insights"
/posts/140,/posts/ai-series-introducing-omnistrate-s-new-job-controller-paradigm,140,"[AI Series] Introducing Omnistrate's New Job Controller Paradigm"
/posts/138,/posts/whiteswan-security-case-study,138,"Whiteswan Security Case Study"
/posts/137,/posts/why-cloud-marketplaces-are-the-new-launchpad-for-saas-startups,137,"Why Cloud Marketplaces Are the New Launchpad for SaaS Startups"
/posts/136,/posts/omnistrate-platform-update-february-2025,136,"Omnistrate Platform Update (February 2025)"
/posts/135,/posts/saas-mondays-live-on-fridays-how-ai-is-impacting-saas-builders-a-recap,135,"SaaS Mondays, Live on Fridays: How AI is impacting SaaS Builders (A Recap)"
/posts/134,/posts/build-vs-buy-why-platform-teams-choose-omnistrate-for-their-control-plane,134,"Build vs. Buy: Why Platform Teams Choose Omnistrate for Their Control Plane"
/posts/133,/posts/navigating-aws-s-expanded-saas-co-sell-program-opportunities-and-challenges-for-isvs,133,"Navigating AWS‚Äôs Expanded SaaS Co-Sell Program: Opportunities and Challenges for ISVs"
/posts/132,/posts/beyond-helm-building-scalable-saas-infrastructure,132,"Beyond Helm: Building Scalable SaaS Infrastructure"
/posts/131,/posts/on-prem-software-distribution-overcoming-licensing-deployment-challenges,131,"On-Prem Software Distribution: Overcoming Licensing & Deployment Challenges"
/posts/130,/posts/custom-sidecars-support-for-omnistrate-resources,130,"Custom Sidecars support for Omnistrate resources"
/posts/129,/posts/omnistrate-platform-update-january-2025,129,"Omnistrate Platform Update (January 2025)"
/posts/128,/posts/reimagining-saasbuilder-a-more-intuitive-efficient-and-streamlined-experience,128,"Reimagining SaaSBuilder: A More Intuitive, Efficient and Streamlined Experience"
/posts/126,/posts/omnistrate-enables-crystaldb-to-transform-autodba-into-a-multi-cloud-cloud-service,126,"Omnistrate Enables CrystalDB to Transform AutoDBA into a Multi-Cloud Cloud Service"
/posts/125,/posts/ai-series-what-is-byoc-and-why-does-it-matter-apps-must-go-to-the-data-in-2025,125,"[AI Series] What is BYOC, and why does it matter? (Apps must ‚ÄúGo to the Data‚Äù in 2025)"
/posts/124,/posts/why-autoblocks-ai-turned-to-omnistrate-to-launch-their-ai-development-portal,124,"Why Autoblocks.ai turned to Omnistrate to Launch their AI Development Portal"
/posts/117,/posts/omnistrate-platform-update-december-2024,117,"Omnistrate Platform Update (December 2024)"
/posts/116,/posts/omnistrate-platform-update-november-2024,116,"Omnistrate Platform Update (November 2024)"
/posts/115,/posts/building-private-service-on-the-cloud,115,"Building Private Service On The Cloud"
/posts/114,/posts/ai-series-omnistrate-launches-developer-platform-to-build-b2b-ai-apps,114,"[AI Series] Omnistrate Launches Developer Platform to Build B2B AI Apps"
/posts/113,/posts/omnistrate-just-made-building-b2b-saas-easier-than-ever,113,"Omnistrate just made building B2B SaaS easier than ever!"
/posts/112,/posts/omnistrate-open-source-building-together,112,"Omnistrate + Open Source: Building Together"
/posts/110,/posts/omnistrate-platform-update-october-2024,110,"Omnistrate Platform Update (October 2024)"
/posts/109,/posts/omnistrate-developer-platform-to-build-b2b-saas,109,"Omnistrate: Developer Platform to Build B2B SaaS"
/posts/107,/posts/kubernetes-at-the-edge-revolutionizing-computing-and-resource-management,107,"Kubernetes at the Edge: Revolutionizing Computing and Resource Management"
/posts/103,/posts/why-kubernetes-is-the-foundation-of-modern-cloud-infrastructure,103,"Why Kubernetes Is the Foundation of Modern Cloud Infrastructure"
/posts/102,/posts/aws-and-omnistrate-partnered-to-bring-percona-ivee-cloud,102,"AWS and Omnistrate partnered to bring Percona Ivee Cloud "
/posts/101,/posts/ai-for-b2b-from-training-to-tenant-management-and-day-2-ops,101,"AI for B2B: From Training to Tenant Management and Day-2 Ops"
/posts/100,/posts/omnistrate-platform-update-september-2024,100,"Omnistrate Platform Update (September 2024)"
/posts/99,/posts/aws-and-omnistrate-partnered-to-bring-falkordb-managed-cloud-service,99,"AWS and Omnistrate partnered to bring FalkorDB Managed Cloud Service"
/posts/98,/posts/omnistrate-platform-update-august-2024,98,"Omnistrate Platform Update (August 2024)"
/posts/97,/posts/omnistrate-successfully-completes-annual-soc-2-type-ii-attestation,97,"Omnistrate Successfully Completes Annual SOC 2 Type II Attestation üõ°Ô∏èüöÄ"
/posts/96,/posts/omnistrate-platform-update-july-2024,96,"Omnistrate Platform Update (July 2024)"
/posts/95,/posts/omnistrate-strengthens-aws-partnership-with-key-milestones,95,"Omnistrate Strengthens AWS Partnership with Key Milestones"
/posts/94,/posts/convoy-case-study-from-two-years-to-two-weeks,94,"Convoy Case Study: From Two Years to Two Weeks"
/posts/93,/posts/omnistrate-honored-as-most-promising-technology-company-in-the-us-2024-by-silicon-india,93,"Omnistrate Honored as 'Most Promising Technology Company in the US 2024' by Silicon India"
/posts/92,/posts/omnistrate-successfully-achieves-soc-2-type-ii-compliance-and-completes-external-penetration-testing,92,"Omnistrate Successfully Achieves SOC 2 Type II Compliance and Completes External Penetration Testing"
/posts/91,/posts/omnistrate-joins-cncf-family-sponsors-cncf-and-open-sources-saasbuilder,91,"Omnistrate Joins CNCF Family, Sponsors CNCF, and Open Sources SaaSBuilder"
/posts/90,/posts/omnistrate-welcomes-michael-cooper-as-new-gtm-executive-leader,90,"Omnistrate Welcomes Michael Cooper as New GTM Executive Leader"
/posts/89,/posts/omnistrate-platform-update-june-2024,89,"Omnistrate Platform Update (June 2024)"
/posts/88,/posts/rethinking-open-source-licenses-empowering-startups-with-omnistrate,88,"Rethinking Open Source Licenses: Empowering Startups with Omnistrate"
/posts/86,/posts/why-oss-creators-need-to-start-with-saas,86,"Why OSS Creators need to start with SaaS"
/posts/85,/posts/omnistrate-platform-update-may-2024,85,"Omnistrate Platform Update (May 2024)"
/posts/84,/posts/should-your-startup-start-with-saas,84,"Should Your Startup Start with SaaS?"
/posts/83,/posts/omnistrate-platform-update-april-2024,83,"Omnistrate Platform Update (April 2024)"
/posts/82,/posts/restoring-the-promise-of-open-source-with-omnistrate,82,"Restoring the Promise of Open Source with Omnistrate"
/posts/81,/posts/omnistrate-platform-update-march-2024,81,"Omnistrate Platform Update (March 2024)"
/posts/80,/posts/the-three-key-components-of-building-a-billing-system,80,"The Three Key Components of Building a Billing System"
/posts/79,/posts/understanding-saas-billing-models,79,"Understanding SaaS billing models"
/posts/78,/posts/omnistrate-platform-update-february-2024,78,"Omnistrate Platform Update (February 2024)"
/posts/77,/posts/abcs-of-control-plane,77,"ABCs of Control Plane"
/posts/76,/posts/multi-cloud-how-to-manage-complexity-and-opportunity-on-day-1,76,"Multi-Cloud: How to manage Complexity and Opportunity on day-1"
/posts/75,/posts/helping-entrepreneurs-to-improve-their-startup-success-odds-by-10x,75,"Helping entrepreneurs to improve their startup success odds by 10x"
/posts/71,/posts/engineering-blog-how-to-handle-multi-cloud-auto-scaling-when-building-a-saas,71,"Engineering Blog: How to handle multi-cloud auto-scaling when building a SaaS?"
/posts/70,/posts/startup-challenges-and-how-to-improve-your-odds-by-10x,70,"Startup challenges and how to improve your odds by 10x"
/posts/68,/posts/accelerating-saas-innovation-omnistrate-s-latest-platform-release,68,"Accelerating SaaS Innovation: Omnistrate's Latest Platform Release"
/posts/67,/posts/navigating-the-operational-puzzle-of-saas,67,"Navigating the Operational Puzzle of SaaS"
/posts/66,/posts/unlocking-the-complexity-of-billing-in-saas,66,"Unlocking the Complexity of Billing in SaaS"
/posts/65,/posts/fortifying-saas-safeguarding-data-and-compliance-across-layers,65,"Fortifying SaaS: Safeguarding Data and Compliance Across Layers"
/posts/64,/posts/challenges-in-streamlining-saas-user-experiences,64,"Challenges in streamlining SaaS User Experiences"
/posts/63,/posts/saas-reliability-achieving-high-availability,63,"SaaS Reliability: Achieving High Availability"
/posts/62,/posts/strategies-for-seamless-saas-deployment,62,"Strategies for Seamless SaaS Deployment"
/posts/61,/posts/tenant-isolation-strategy-for-your-saas-application,61,"Tenant Isolation Strategy for Your SaaS Application"
/posts/60,/posts/control-plane-unpacking-the-build-vs-buy-dilemma,60,"Control Plane: Unpacking the Build vs Buy Dilemma"
/posts/59,/posts/role-of-kubernetes-operators-in-saas-development,59,"Role of Kubernetes Operators in SaaS Development"
/posts/58,/posts/beyond-terraform-building-scalable-saas-infrastructure,58,"Beyond Terraform: Building Scalable SaaS Infrastructure"
/posts/57,/posts/hello-world-saas-design-and-its-challenges,57,"Hello world SaaS design and its challenges"
/posts/56,/posts/top-5-saas-mistakes-to-avoid,56,"Top 5 SaaS mistakes to avoid"
/posts/55,/posts/need-for-saas-abstractions,55,"Need for SaaS abstractions"
/posts/54,/posts/the-saas-revolution-transforming-software-delivery-forever,54,"The SaaS Revolution: Transforming Software Delivery Forever"
/posts/53,/posts/introducing-omnistrate-platform,53,"Introducing Omnistrate Platform"
/posts/52,/posts/what-is-a-saas-control-plane,52,"What is a SaaS Control Plane?"
/posts/51,/posts/why-we-built-omnistrate,51,"Why we built Omnistrate?"
/posts/50,/posts/a-200-billion-dollar-business-that-you-cannot-ignore,50,"A 200 billion dollar business that you cannot ignore"
/posts/49,/posts/lifecycle-management-and-infrastructure-cleanup-the-overlooked-challenge-of-efficiently-decommissioning-resources,49,"Lifecycle Management and Infrastructure Cleanup: The Overlooked Challenge of Efficiently Decommissioning Resources"
/posts/48,/posts/simplifying-multi-cloud-multi-tenant-saas-deployments-with-infrastructure-as-code-iac,48,"Simplifying Multi-Cloud, Multi-Tenant SaaS Deployments with Infrastructure as Code (IaC)"
/posts/46,/posts/day-2-operations-saas-maintenance,46,"Day 2 Operations - SaaS Maintenance"
/posts/45,/posts/saas-capabilities-what-does-it-really-entail,45,"SaaS Capabilities - What Does it Really Entail?"
/posts/44,/posts/challenges-in-building-saas-billing,44,"Challenges in Building SaaS Billing"
/posts/43,/posts/provisioning-and-deployments-your-saas-foundation,43,"Provisioning and Deployments - Your SaaS Foundation"
/posts/42,/posts/why-enterprises-are-shifting-to-saas,42,"Why Enterprises are Shifting to SaaS"
/posts/41,/posts/diving-deep-into-control-and-data-plane-responsibilities,41,"Diving Deep into Control and Data Plane Responsibilities"
/posts/40,/posts/everything-about-scaling,40,"Everything about Scaling"
/posts/39,/posts/cloud-platform-monitoring-and-auto-recovery-challenges-part-2,39,"Cloud Platform Monitoring and Auto-Recovery Challenges - Part 2"
/posts/38,/posts/cloud-platform-monitoring-and-auto-recovery-challenges-part-1,38,"Cloud Platform Monitoring and Auto-Recovery Challenges - Part 1"
/posts/35,/posts/why-is-the-saas-paradigm-so-powerful,35,"Why is the SaaS Paradigm so Powerful?"
/posts/34,/posts/introduction-to-control-plane-and-data-plane,34,"Introduction to Control Plane and Data Plane"
/posts/33,/posts/omnistrate-s-journey-of-trust-continues-from-soc-2-type-i-to-type-ii,33,"Omnistrate‚Äôs Journey of Trust Continues - From SOC 2 Type I to Type II üõ°Ô∏è‚ú®"
/posts/32,/posts/the-future-of-saas-and-kubernetes-trends-and-predictions,32,"The Future of SaaS and Kubernetes: Trends and Predictions"
/posts/31,/posts/inside-the-cloud-understanding-iaas-paas-and-saas,31,"Inside the Cloud - Understanding IaaS, PaaS and SaaS"
/posts/30,/posts/distributed-system-design-scaling-from-0-1k-1k-10k-10k-100k-100k-1m-and-1m-to-1b-users,30,"Distributed System Design ‚Äî Scaling from 0‚Äì1K, 1K -10K, 10K-100K, 100K-1M, and 1M to 1B users."
/posts/29,/posts/the-art-of-scaling-distributed-multi-cloud-systems-best-practices-and-lessons-learned,29,"The Art of Scaling Distributed Multi Cloud Systems: Best Practices and Lessons Learned"
/posts/28,/posts/kubernetes-and-container-networking-in-multi-cloud-environments-why-it-is-not-easy-and-why-you-need-sparta-like-skills,28,"Kubernetes and container networking in multi-cloud environments: Why it is not easy and why you need Sparta like skills"
/posts/27,/posts/a-step-by-step-guide-to-calculate-slas-slis-and-slos-for-new-sres,27,"A Step-by-Step Guide to Calculate SLAs, SLIs, and SLOs for new SREs"
/posts/26,/posts/omnistrate-achieves-soc-2-type-i-compliance-upholding-security-and-trust,26,"Omnistrate Achieves SOC 2 Type I Compliance: Upholding Security and Trust üéñÔ∏è"
/posts/25,/posts/managing-open-search-across-multiple-clouds-a-guide-to-overcoming-challenges,25,"Managing Open Search  üîç  Across Multiple Clouds: A Guide to Overcoming Challenges"
/posts/24,/posts/unlocking-the-full-potential-of-kubernetes-with-amazon-linux-2023,24,"Unlocking the Full Potential of Kubernetes with Amazon Linux 2023"
/posts/23,/posts/aks-edge-essentials-on-premises-kubernetes-implementation-of-azure-kubernetes-service,23,"AKS Edge Essentials - On-premises Kubernetes implementation of Azure Kubernetes Service"
/posts/22,/posts/an-introduction-to-kubernetes-based-event-driven-autoscaling,22,"An Introduction to Kubernetes-based Event-Driven Autoscaling"
/posts/21,/posts/how-to-achieve-autoscaling-in-multi-cloud-kubernetes-deployments,21,"How to Achieve Autoscaling in Multi-Cloud Kubernetes Deployments"
/posts/7,/posts/where-did-the-cloud-model-go-wrong,7,"Where did the Cloud model go wrong?"
/posts/20,/posts/cloud-native-vs-cloud-agnostic-weighing-the-trade-offs,20,"Cloud Native vs Cloud Agnostic: Weighing the Trade-Offs"
/posts/6,/posts/emergence-future-of-open-source-and-cloud,6,"Emergence/Future of Open-source and Cloud"
/posts/19,/posts/maximizing-cloud-native-success-with-the-twelve-factor-app-methodology,19,"Maximizing Cloud-Native Success with the Twelve-Factor App Methodology ü´°"
/posts/3,/posts/what-is-a-cloud,3,"What is a Cloud?"